{
  "selection_counts": {
    "total_selections": 10,
    "selected_tools": 68,
    "available_tools": 70
  },
  "usage_counts": {
    "tools_used": 5,
    "tools_used_from_selection": 5,
    "tools_used_from_finder": 0
  },
  "response_times": {
    "with_selection": [
      3.1346869468688965,
      1.756504774093628,
      2.6227660179138184,
      3.550963878631592,
      1.7622740268707275
    ],
    "all_tools": [
      6.4255900382995605,
      5.44338583946228,
      6.646589994430542,
      4.902292966842651
    ]
  },
  "estimated_savings": {
    "total_tokens_saved": 200,
    "average_tokens_per_request": 20.0
  },
  "daily_metrics": {
    "2025-03-30": {
      "selections": 10,
      "tools_selected": 68,
      "token_savings": 200,
      "total_response_time": 36.245054483413696,
      "response_time_count": 9,
      "tools_used": 5
    }
  },
  "tool_sequences": {
    "schedule_async_task": {
      "weather_tool": 1
    }
  }
}